{"GPSLatitude":[34.4628158,34.462816000000004,34.4628103,34.462810100000006,34.462810100000006,34.4628096,34.4628104,34.4628104,34.4628099,34.462892200000006,34.462890800000004,34.4628947,34.4628938,34.4628937,34.4628931,34.4628932,34.462885500000006,34.4628481,34.462673300000006,34.462659,34.462658600000005,34.462659300000006,34.4626595,34.462659200000004,34.4626588,34.462659300000006,34.4626577,34.4624558,34.4624212,34.4624224,34.4624224,34.4624218,34.4624225,34.4624231,34.462424000000006,34.4624238,34.462424000000006,34.4624242,34.4624244,34.4625026,34.4625999,34.4626705,34.4627269,34.4627847,34.462811900000005,34.462811800000004,34.462813000000004,34.4628128,34.4628122,34.462813600000004,34.4628141],"GPSLongitude":[-91.40772790000001,-91.407728,-91.40773730000001,-91.40773730000001,-91.40773730000001,-91.4077365,-91.4077355,-91.4077357,-91.4077366,-91.4078133,-91.4078126,-91.4074178,-91.40730930000001,-91.40698350000001,-91.406874,-91.4066574,-91.4064757,-91.4064754,-91.4064709,-91.4064804,-91.4067098,-91.406935,-91.4071523,-91.40747680000001,-91.4076917,-91.4078059,-91.4078149,-91.4078144,-91.407813,-91.4076273,-91.40739740000001,-91.4070707,-91.4069626,-91.40663740000001,-91.40654140000001,-91.4064671,-91.4064647,-91.40646410000001,-91.40646980000001,-91.4067208,-91.4070435,-91.4072699,-91.4074533,-91.40763770000001,-91.40772670000001,-91.4077266,-91.40773130000001,-91.4077295,-91.40772910000001,-91.407728,-91.4077283]}