{"GPSLatitude":[34.462815500000005],"GPSLongitude":[-91.40772790000001]}